Roll,Name,Email,Dept
1401AI01,Abhishek,Abhishek@mycollege.in,AI
1401CB01,Mansi,Mansi@mycollege.in,CB
1401CE01,Sarthak,Sarthak@mycollege.in,CE
1401CH01,Nitesh,Nitesh@mycollege.in,CH
1401CS01,Arpita,Arpita@mycollege.in,CS
1401CT01,Sudhanshu,Sudhanshu@mycollege.in,CT
1401EC01,Sania,Sania@mycollege.in,EC
1401MC01,Indra,Indra@mycollege.in,MC
1401MM01,Bilal,Bilal@mycollege.in,MM
1401MT01,Mairaz,Mairaz@mycollege.in,MT
1401XX01,Mairaz,Mairaz@mycollege.in,XX
1401AI02,Aman,Aman@mycollege.in,AI
1401CB02,Tushar,Tushar@mycollege.in,CB
1401CE02,Alok,Alok@mycollege.in,CE
1401CH02,Ganesh,Ganesh@mycollege.in,CH
1401CS02,Divyanshi,Divyanshi@mycollege.in,CS
1401CT02,Shivang,Shivang@mycollege.in,CT
1401EC02,Sangeeta,Sangeeta@mycollege.in,EC
1401MC02,Sasi,Sasi@mycollege.in,MC
1401MM02,Abhilash,Abhilash@mycollege.in,MM
1401MT02,Abhilasha,Abhilasha@mycollege.in,MT
1401XX02,Abhilasha,Abhilasha@mycollege.in,XX
1401AI03,Harsh,Harsh@mycollege.in,AI
1401CB03,Abhinav,Abhinav@mycollege.in,CB
1401CE03,Raghav,Raghav@mycollege.in,CE
1401CH03,Naveen,Naveen@mycollege.in,CH
1401CS03,Yogesh,Yogesh@mycollege.in,CS
1401CT03,Shilpi,Shilpi@mycollege.in,CT
1401EC03,Nimish,Nimish@mycollege.in,EC
1401MC03,Arvind,Arvind@mycollege.in,MC
1401MM03,Vaishali,Vaishali@mycollege.in,MM
1401MT03,Mritunjay,Mritunjay@mycollege.in,MT
1401XX03,Mritunjay,Mritunjay@mycollege.in,XX
1401AI04,Ayush,Ayush@mycollege.in,AI
1401CB04,Shivangi,Shivangi@mycollege.in,CB
1401CE04,Rishi,Rishi@mycollege.in,CE
1401CH04,Shikhar,Shikhar@mycollege.in,CH
1401CS04,Deepika,Deepika@mycollege.in,CS
1401CT04,Sourabh,Sourabh@mycollege.in,CT
1401EC04,Nimesh,Nimesh@mycollege.in,EC
1401MC04,Kartik,Kartik@mycollege.in,MC
1401MM04,Apoorva,Apoorva@mycollege.in,MM
1401MT04,Mudit,Mudit@mycollege.in,MT
1401XX04,Mudit,Mudit@mycollege.in,XX
1401AI05,Aditi,Aditi@mycollege.in,AI
1401CB05,Ashutosh,Ashutosh@mycollege.in,CB
1401CE05,Pragati,Pragati@mycollege.in,CE
1401CH05,Jitendra,Jitendra@mycollege.in,CH
1401CS05,Astha,Astha@mycollege.in,CS
1401CT05,Sonu,Sonu@mycollege.in,CT
1401EC05,Prabhakar,Prabhakar@mycollege.in,EC
1401MC05,Kartikeya,Kartikeya@mycollege.in,MC
1401MM05,Hemlata,Hemlata@mycollege.in,MM
1401MT05,Mubasshira,Mubasshira@mycollege.in,MT
1401AI06,Anjali,Anjali@mycollege.in,AI
1401CB06,Adarsh,Adarsh@mycollege.in,CB
1401CE06,Shivam,Shivam@mycollege.in,CE
1401CH06,Chirag,Chirag@mycollege.in,CH
1401CS06,Sanjay,Sanjay@mycollege.in,CS
1401CT06,Shakti,Shakti@mycollege.in,CT
1401EC06,Nivedita,Nivedita@mycollege.in,EC
1401MC06,Chaitanya,Chaitanya@mycollege.in,MC
1401MM06,Aanchal,Aanchal@mycollege.in,MM
1401MT06,Goldy,Goldy@mycollege.in,MT
1401AI07,Shubham,Shubham@mycollege.in,AI
1401CB07,Divya,Divya@mycollege.in,CB
1401CE07,Lakshya,Lakshya@mycollege.in,CE
1401CH07,Abhay,Abhay@mycollege.in,CH
1401CS07,Mahek,Mahek@mycollege.in,CS
1401CT07,Satendra,Satendra@mycollege.in,CT
1401EC07,Neetika,Neetika@mycollege.in,EC
1401MC07,Mani,Mani@mycollege.in,MC
1401MM07,Sathwika,Sathwika@mycollege.in,MM
1401MT07,Monish,Monish@mycollege.in,MT
1401AI08,Anushka,Anushka@mycollege.in,AI
1401CB08,Piyush,Piyush@mycollege.in,CB
1401CE08,Ashish,Ashish@mycollege.in,CE
1401CH08,Lucky,Lucky@mycollege.in,CH
1401CS08,Narendra,Narendra@mycollege.in,CS
1401CT08,Shaqib,Shaqib@mycollege.in,CT
1401EC08,Monu,Monu@mycollege.in,EC
1401MC08,Sukirti,Sukirti@mycollege.in,MC
1401MM08,Deepa,Deepa@mycollege.in,MM
1401MT08,Moosvi,Moosvi@mycollege.in,MT
1401AI09,Rohit,Rohit@mycollege.in,AI
1401CB09,Pragya,Pragya@mycollege.in,CB
1401CE09,Sandeep,Sandeep@mycollege.in,CE
1401CH09,Smriti,Smriti@mycollege.in,CH
1401CS09,Ekta,Ekta@mycollege.in,CS
1401CT09,Shalu,Shalu@mycollege.in,CT
1401EC09,Pankhuri,Pankhuri@mycollege.in,EC
1401MC09,Subodh,Subodh@mycollege.in,MC
1401MM09,Utkarsha,Utkarsha@mycollege.in,MM
1401MT09,Fariya,Fariya@mycollege.in,MT
1401AI10,Saurabh,Saurabh@mycollege.in,AI
1401CB10,Ajay,Ajay@mycollege.in,CB
1401CE10,Ishita,Ishita@mycollege.in,CE
1401CH10,Manu,Manu@mycollege.in,CH
1401CS10,Adil,Adil@mycollege.in,CS
1401CT10,Sudheer,Sudheer@mycollege.in,CT
1401EC10,Nilesh,Nilesh@mycollege.in,EC
1401MC10,Surendra,Surendra@mycollege.in,MC
1401MM10,Deep,Deep@mycollege.in,MM
1401MT10,Toshit,Toshit@mycollege.in,MT
1401AI11,Muskan,Muskan@mycollege.in,AI
1401CB11,Akanksha,Akanksha@mycollege.in,CB
1401CE11,Shaurya,Shaurya@mycollege.in,CE
1401CH11,Deependra,Deependra@mycollege.in,CH
1401CS11,Ritesh,Ritesh@mycollege.in,CS
1401CT11,Vipul,Vipul@mycollege.in,CT
1401EC11,Mallika,Mallika@mycollege.in,EC
1401MC11,Ashok,Ashok@mycollege.in,MC
1401MM11,Dushyant,Dushyant@mycollege.in,MM
1401MT11,Kanha,Kanha@mycollege.in,MT
1401AI12,Rahul,Rahul@mycollege.in,AI
